Date,Subways: Total Estimated Ridership,Subways: % Change From 2019 Equivalent Day,Buses: Total Estimated Ridership,Buses: % Change From 2019 Equivalent Day,LIRR: Total Estimated Ridership,LIRR: % Change From 2019 Monthly Weekday/Saturday/Sunday Average,Metro-North: Total Estimated Ridership,Metro-North: % Change From 2019 Monthly Weekday/Saturday/Sunday Average,Access-A-Ride: Total Scheduled Trips,Access-A-Ride: % Change From 2019 Monthly Weekday/Saturday/Sunday Average,Bridges and Tunnels: Total Traffic,Bridges and Tunnels: % Change From 2019 Equivalent Day
11/23/20,1641253,-71.30%,930655,-59%,87700,-73%,59500,-79%,21297,-27.90%,755375,-16.60%
11/22/20,816461,-63.80%,536678,-42%,31000,-67%,31900,-69%,10694,-41.70%,598349,-20.80%
11/21/20,1157063,-63.70%,743813,-45%,39200,-66%,51200,-66%,13193,-22.10%,742369,-17.20%
11/20/20,1802844,-68.90%,1060041,-52%,87400,-73%,60400,-79%,22945,-22.30%,843069,-13.90%
11/19/20,1760491,-70.70%,1052172,-55%,84700,-74%,57800,-80%,21780,-26.30%,800461,-16.70%
11/18/20,1790760,-69.80%,1069304,-54%,84100,-74%,57700,-80%,23390,-20.80%,776422,-16.30%
11/17/20,1792119,-69.60%,1091406,-53%,87000,-74%,58600,-80%,22524,-23.80%,764725,-16.00%
11/16/20,1745086,-68.90%,1050451,-52%,89500,-73%,61400,-79%,21851,-26.00%,757988,-14.10%
11/15/20,821525,-66.30%,524187,-48%,30900,-67%,32900,-68%,9763,-46.80%,596389,-27.30%
11/14/20,1215461,-62.40%,755379,-43%,41400,-64%,58000,-62%,12928,-23.70%,735029,-18.60%
11/13/20,1819979,-69.00%,1061470,-52%,86300,-74%,61000,-79%,22054,-25.40%,821059,-17.10%
11/12/20,1780170,-70.00%,1058561,-54%,86200,-74%,58200,-80%,22059,-25.30%,779141,-18.80%
11/11/20,1617838,-66.30%,968610,-47%,83300,-75%,21200,-93%,20263,-31.40%,713640,-22.20%
11/10/20,1840750,-68.40%,1146091,-48%,91500,-72%,63000,-78%,23138,-21.70%,800965,-9.80%
11/9/20,1756175,-69.80%,1099362,-50%,91700,-72%,62400,-78%,21444,-27.40%,773217,-9.00%
11/8/20,928516,-63.10%,584868,-44%,38500,-59%,44000,-58%,10474,-42.90%,726041,-15.40%
11/7/20,1246356,-61.50%,749502,-43%,46400,-60%,66300,-56%,13409,-20.90%,790712,-13.50%
11/6/20,1840860,-68.60%,1114000,-49%,89500,-73%,65000,-77%,22659,-23.30%,858167,-12.50%
11/5/20,1797589,-70.20%,1125820,-52%,87000,-74%,59900,-79%,22937,-22.40%,818991,-14.30%
11/4/20,1693937,-71.90%,1083036,-54%,81600,-75%,56400,-80%,22174,-24.90%,754704,-19.40%
11/3/20,1606096,-71.00%,1017551,-52%,82100,-75%,58100,-80%,20416,-30.90%,720562,-19.20%
11/2/20,1751443,-69.90%,1064298,-54%,87200,-73%,59400,-79%,21127,-28.50%,772129,-16.00%
11/1/20,786678,-72.70%,510667,-48%,29500,-69%,35500,-66%,10180,-44.50%,660915,-14.90%
10/31/20,1174079,-65.00%,724128,-48%,41500,-63%,63600,-58%,12816,-27.50%,743811,-19.70%
10/30/20,1771288,-70.30%,1004498,-56%,84300,-73%,65900,-77%,21243,-28.60%,824680,-16.80%
10/29/20,1708611,-70.40%,974120,-55%,81800,-74%,60300,-79%,20925,-29.70%,776467,-12.40%
10/28/20,1823028,-69.70%,1109591,-53%,86700,-72%,64000,-78%,23258,-21.90%,801966,-13.40%
10/27/20,1818884,-69.60%,1138746,-51%,87400,-72%,64400,-78%,21870,-26.50%,789371,-13.60%
10/26/20,1694080,-70.60%,1058119,-54%,86700,-72%,64800,-78%,20817,-30.10%,760604,-16.80%
10/25/20,885001,-59.80%,576930,-34%,33700,-63%,45000,-57%,10074,-45.20%,725809,-6.60%
10/24/20,1185612,-64.50%,780710,-44%,43600,-62%,72200,-53%,12916,-26.90%,805454,-15.40%
10/23/20,1846268,-68.80%,1128035,-51%,89900,-71%,71100,-76%,21766,-26.90%,881995,-12.40%
10/22/20,1829135,-70.10%,1146065,-52%,88700,-72%,67000,-77%,22391,-24.80%,845064,-14.20%
10/21/20,1816797,-70.00%,1147374,-52%,86200,-73%,65200,-78%,22959,-22.90%,817544,-13.50%
10/20/20,1784090,-69.30%,1127896,-50%,86600,-72%,63500,-78%,21936,-26.30%,790018,-9.70%
10/19/20,1722723,-69.60%,1104657,-52%,89200,-72%,66000,-77%,20812,-30.10%,782239,-10.50%
10/18/20,897886,-63.10%,585376,-40%,34700,-62%,48700,-54%,9998,-45.60%,752262,-9.80%
10/17/20,1211061,-64.00%,780003,-44%,43800,-61%,70500,-54%,11831,-33.10%,794520,-16.70%
10/16/20,1674686,-72.10%,986167,-57%,83800,-73%,64900,-78%,20776,-30.20%,820106,-20.30%
10/15/20,1857822,-69.50%,1154164,-50%,90300,-71%,67700,-77%,22834,-23.30%,866245,-10.70%
10/14/20,1842638,-68.50%,1161893,-47%,89200,-72%,66700,-77%,23169,-22.20%,824529,-9.40%
10/13/20,1718853,-70.80%,1067179,-55%,76600,-76%,62700,-78%,20909,-29.80%,765671,-16.30%
10/12/20,1286892,-69.80%,770512,-53%,76800,-76%,59300,-80%,15722,-47.20%,685982,-19.70%
10/11/20,849518,-68.10%,564047,-48%,34600,-62%,45700,-57%,9470,-48.40%,692669,-22.70%
10/10/20,1171657,-64.10%,770914,-44%,44500,-61%,77300,-49%,12627,-28.60%,823775,-12.40%
10/9/20,1811779,-69.10%,1114870,-51%,78700,-75%,72400,-75%,21274,-28.50%,896404,-13.10%
10/8/20,1801918,-70.20%,1128062,-52%,88000,-72%,65600,-77%,21964,-26.20%,845788,-13.00%
10/7/20,1774408,-63.70%,1124542,-39%,87100,-72%,64300,-78%,23027,-22.70%,814866,0.00%
10/6/20,1762320,-69.20%,1133242,-51%,87700,-72%,65100,-78%,21475,-27.90%,802900,-8.60%
10/5/20,1682379,-70.60%,1092193,-53%,88700,-72%,62900,-78%,19971,-32.90%,783540,-13.40%
10/4/20,853591,-66.10%,566754,-47%,35000,-62%,43900,-58%,10010,-45.50%,706562,-18.80%
10/3/20,1168073,-65.00%,773305,-45%,45000,-60%,68900,-55%,12759,-27.80%,810626,-13.40%
10/2/20,1794201,-70.10%,1109459,-52%,87300,-72%,67100,-77%,21626,-27.40%,891268,-11.30%
10/1/20,1813961,-69.90%,1150563,-50%,86000,-73%,62100,-79%,22309,-25.10%,870606,-7.10%
9/30/20,1744524,-70.70%,1077000,-55%,89200,-73%,61500,-79%,21424,-25.40%,822683,-11.20%
9/29/20,1664896,-67.90%,1023100,-50%,88400,-73%,59700,-79%,20517,-28.60%,790861,-9.60%
9/28/20,1492611,-68.70%,955300,-50%,89700,-73%,63800,-78%,17678,-38.50%,753159,-13.40%
9/27/20,846184,-66.70%,586900,-46%,40000,-60%,45200,-57%,9491,-49.30%,731091,-20.40%
9/26/20,1120175,-65.10%,756300,-46%,47200,-60%,66800,-56%,12128,-29.20%,824515,-15.10%
9/25/20,1765299,-70.00%,1077600,-53%,92500,-72%,67900,-76%,21233,-26.10%,912599,-10.70%
9/24/20,1726180,-71.50%,1070500,-55%,89100,-73%,62400,-78%,21554,-25.00%,857578,-11.90%
9/23/20,1739043,-71.30%,1093600,-55%,89000,-73%,62300,-78%,22501,-21.70%,834469,-12.00%
9/22/20,1702325,-71.70%,1061900,-55%,87400,-73%,61000,-79%,21103,-26.60%,808351,-12.40%
9/21/20,1627636,-71.70%,1021200,-56%,89700,-73%,61800,-79%,19488,-32.20%,788505,-14.60%
9/20/20,828365,-68.30%,585500,-48%,39000,-61%,41800,-60%,9269,-50.50%,705596,-24.50%
9/19/20,1137948,-65.80%,761600,-47%,46800,-60%,64600,-58%,12246,-28.50%,802614,-17.50%
9/18/20,1728810,-71.10%,1074200,-54%,90700,-72%,65700,-77%,20702,-28.00%,894931,-11.80%
9/17/20,1695985,-71.90%,1060400,-56%,86800,-73%,61500,-79%,21005,-26.90%,848024,-13.50%
9/16/20,1690405,-71.80%,1075300,-56%,87000,-73%,60700,-79%,22070,-23.20%,816708,-13.60%
9/15/20,1681774,-71.80%,1087600,-55%,87000,-73%,60800,-79%,20763,-27.70%,815700,-12.50%
9/14/20,1607896,-71.70%,1044500,-56%,89500,-73%,60900,-79%,19888,-30.80%,799573,-14.00%
9/13/20,796744,-68.90%,577400,-48%,36700,-63%,38100,-64%,9315,-50.20%,703809,-23.50%
9/12/20,1083727,-65.40%,759700,-45%,44500,-62%,60500,-60%,12349,-27.90%,800190,-14.80%
9/11/20,1693776,-71.20%,1072600,-54%,88600,-73%,65100,-77%,20809,-27.60%,895766,-11.90%
9/10/20,1547065,-74.00%,989000,-59%,82100,-75%,57100,-80%,20181,-29.80%,801431,-17.50%
9/9/20,1613662,-72.90%,1081700,-56%,86100,-74%,61500,-79%,21801,-24.10%,825412,-11.90%
9/8/20,1559312,-73.60%,1032900,-57%,90600,-72%,63300,-78%,19806,-31.10%,833996,-10.10%
9/7/20,872174,-60.90%,650300,-31%,80100,-76%,40300,-86%,9261,-67.80%,697865,-24.00%
9/6/20,819600,-67.40%,580400,-47%,44700,-55%,45400,-57%,10160,-45.70%,753036,-16.20%
9/5/20,1013746,-68.50%,740100,-48%,50600,-57%,64700,-58%,12118,-29.30%,798823,-14.50%
9/4/20,1571533,-72.10%,1034500,-52%,88300,-73%,64200,-78%,20223,-29.60%,936602,-3.70%
9/3/20,1532512,-73.40%,1030700,-55%,82500,-75%,58000,-80%,19992,-30.40%,869126,-9.20%
9/2/20,1491161,-72.90%,994000,-54%,77600,-76%,53000,-82%,19990,-30.40%,810144,-13.60%
9/1/20,1472491,-72.30%,996600,-53%,76500,-77%,53100,-82%,18929,-34.10%,809685,-14.90%
8/31/20,1400448,-73.60%,987400,-54%,78100,-75%,52700,-81%,18185,-34.90%,817544,10.20%
8/30/20,748886,-70.00%,822300,-24%,45100,-57%,41600,-60%,9752,-45.80%,805096,-10.20%
8/29/20,774465,-73.40%,892800,-33%,37600,-72%,41300,-73%,9814,-41.00%,645956,-31.40%
8/28/20,1391299,-71.70%,1333400,-33%,76100,-76%,53100,-81%,18845,-32.50%,899892,-13.10%
8/27/20,1361128,-74.20%,1274100,-39%,73000,-77%,48800,-82%,19271,-31.00%,847285,-17.10%
8/26/20,1410651,-72.90%,1361400,-33%,76600,-76%,50800,-81%,20659,-26.00%,859625,-9.10%
8/25/20,1349335,-74.10%,1273400,-38%,73300,-77%,49700,-82%,18682,-33.10%,821597,-12.70%
8/24/20,1310101,-73.10%,1270700,-34%,75100,-76%,50100,-82%,17643,-36.80%,815665,-11.90%
8/23/20,672193,-71.20%,783200,-29%,37900,-64%,35300,-66%,8297,-53.90%,737097,-20.60%
8/22/20,883393,-69.60%,998700,-27%,49100,-63%,51600,-66%,11456,-31.10%,812308,-17.50%
8/21/20,1390232,-71.50%,1335800,-30%,76100,-76%,53000,-81%,19035,-31.90%,909773,-10.20%
8/20/20,1413449,-72.30%,1352700,-32%,75600,-76%,50900,-81%,19344,-30.80%,889782,-10.70%
8/19/20,1294931,-74.50%,1212800,-39%,70100,-78%,47700,-83%,19915,-28.70%,816805,-14.20%
8/18/20,1372568,-73.10%,1307400,-35%,74200,-76%,47900,-82%,19274,-31.00%,838008,-12.00%
8/17/20,1307543,-72.90%,1275000,-34%,74500,-76%,49400,-82%,17377,-37.80%,806108,-14.40%
8/16/20,554980,-75.60%,622000,-43%,29900,-71%,28500,-73%,7902,-56.10%,620686,-31.90%
8/15/20,861763,-69.90%,1001000,-28%,46800,-65%,51400,-66%,11487,-30.90%,804346,-15.10%
8/14/20,1358798,-72.90%,1321800,-33%,72900,-77%,50700,-81%,18113,-35.20%,893657,-11.40%
8/13/20,1294248,-75.70%,1198800,-42%,69200,-78%,46500,-83%,18608,-33.40%,819019,-17.90%
8/12/20,1302087,-75.20%,1227500,-39%,68300,-78%,46800,-83%,19346,-30.70%,800865,-15.40%
8/11/20,1322978,-74.30%,1256400,-36%,72400,-77%,46700,-83%,18546,-33.60%,821976,-9.40%
8/10/20,1278263,-74.60%,1243700,-37%,73500,-76%,46800,-83%,18178,-34.90%,826001,-12.70%
8/9/20,663642,-73.20%,766700,-30%,37600,-64%,32200,-69%,8287,-53.90%,744618,-18.60%
8/8/20,834093,-72.40%,962000,-30%,41700,-69%,43600,-71%,10613,-36.20%,730739,-25.30%
8/7/20,1286635,-75.10%,1256300,-38%,66000,-79%,42400,-84%,17502,-37.30%,844097,-17.50%
8/6/20,1337819,-75.40%,1241800,-41%,66600,-79%,38800,-86%,19117,-31.60%,847497,-15.30%
8/5/20,1351026,-74.30%,1305000,-34%,58000,-81%,36900,-86%,18299,-34.50%,847330,-7.50%
8/4/20,1028686,-80.80%,968100,-54%,36800,-88%,31100,-89%,14924,-46.60%,577415,-38.30%
8/3/20,1275951,-75.20%,1268300,-38%,70800,-77%,45900,-83%,17594,-37.00%,818732,-13.10%
8/2/20,590675,-75.90%,707000,-38%,30500,-71%,28100,-73%,7431,-58.70%,648735,-29.90%
8/1/20,843372,-72.00%,969300,-31%,44400,-67%,48700,-68%,10685,-35.80%,799745,-14.90%
7/31/20,1260968,-75.90%,1220700,-40%,67600,-79%,50900,-82%,17654,-36.20%,859774,-15.70%
7/30/20,1272918,-76.70%,1224100,-43%,68900,-78%,48600,-83%,17333,-37.40%,820275,-18.80%
7/29/20,1298880,-75.80%,1273100,-38%,70000,-78%,48500,-83%,18216,-34.20%,816959,-13.50%
7/28/20,1244405,-77.00%,1210600,-43%,66700,-79%,45800,-84%,16892,-39.00%,782226,-17.60%
7/27/20,1206129,-76.60%,1185000,-43%,70100,-78%,45700,-84%,16607,-40.00%,793225,-22.20%
7/26/20,607452,-75.10%,721100,-36%,36200,-65%,32300,-70%,7429,-57.30%,697533,-26.80%
7/25/20,817403,-73.20%,967300,-31%,43300,-66%,47600,-69%,10350,-34.80%,769898,-21.80%
7/24/20,1220649,-77.00%,1134300,-44%,65900,-79%,49000,-83%,17311,-37.50%,826030,-20.40%
7/23/20,1236427,-77.80%,1180200,-45%,65600,-79%,47000,-83%,17056,-38.40%,791577,-22.00%
7/22/20,1236384,-77.90%,1189100,-46%,65300,-79%,46700,-83%,17582,-36.50%,784013,-20.00%
7/21/20,1244544,-76.40%,1204300,-41%,67600,-79%,48000,-83%,16831,-39.20%,792955,-13.40%
7/20/20,1159163,-77.10%,1130400,-43%,67700,-79%,46800,-83%,15957,-42.40%,770607,-15.60%
7/19/20,585498,-73.10%,692800,-33%,36400,-65%,29900,-72%,7052,-59.50%,696110,-20.40%
7/18/20,779722,-70.50%,913700,-28%,41200,-68%,45500,-71%,9785,-38.40%,610926,-34.00%
7/17/20,1209692,-76.80%,1176200,-43%,64800,-80%,47400,-83%,16401,-40.80%,819471,-20.30%
7/16/20,1251884,-76.90%,1211800,-41%,66700,-79%,47400,-83%,17230,-37.80%,819850,-16.20%
7/15/20,1251164,-77.20%,1229000,-42%,66600,-79%,46900,-83%,18149,-34.40%,803399,-15.20%
7/14/20,1243749,-77.60%,1211300,-44%,66300,-79%,46200,-84%,17081,-38.30%,794838,-16.90%
7/13/20,1178204,-77.80%,1144100,-45%,66400,-79%,46200,-84%,15928,-42.50%,756123,-20.40%
7/12/20,628918,-74.20%,727700,-36%,34900,-67%,31800,-70%,7395,-57.50%,703590,-25.90%
7/11/20,693789,-77.10%,852600,-41%,30100,-76%,35300,-77%,8453,-46.80%,625288,-37.10%
7/10/20,1032749,-80.90%,926800,-55%,55900,-82%,39700,-86%,15738,-43.20%,712635,-30.00%
7/9/20,1213851,-77.90%,1195700,-43%,65400,-79%,45500,-84%,17017,-38.50%,818034,-15.70%
7/8/20,1174733,-78.90%,1114900,-49%,63000,-80%,43400,-85%,16980,-38.70%,758208,-20.90%
7/7/20,1159588,-78.80%,1118800,-48%,61800,-80%,44100,-84%,16003,-42.20%,749833,-21.10%
7/6/20,1087178,-78.80%,1030200,-50%,63900,-80%,44300,-84%,14886,-46.20%,750584,-18.80%
7/5/20,534220,-76.90%,658700,-40%,34600,-67%,30700,-71%,6280,-63.90%,659099,-24.80%
7/4/20,592295,-77.20%,754900,-41%,38400,-70%,41800,-73%,8391,-47.20%,569212,-28.40%
7/3/20,847811,-78.30%,968200,-45%,56200,-82%,42900,-85%,10915,-60.60%,713240,-16.60%
7/2/20,1172248,-56.90%,1178500,5%,64200,-80%,45500,-84%,15981,-42.30%,881471,14.60%
7/1/20,1122842,-78.50%,1102200,-47%,56500,-82%,40000,-86%,16451,-40.60%,779409,-22.80%
6/30/20,1115510,-79.10%,1082000,-48%,58000,-83%,40900,-86%,15291,-47.80%,758785,-19.90%
6/29/20,1103086,-78.80%,1087500,-47%,63300,-81%,42600,-86%,14705,-49.80%,767165,-20.00%
6/28/20,536488,-82.30%,641800,-42%,25700,-74%,26200,-76%,5748,-68.20%,623131,-33.20%
6/27/20,616084,-80.70%,753900,-43%,26800,-78%,34800,-78%,8541,-50.70%,630731,-34.80%
6/26/20,1104497,-79.80%,1130100,-43%,55600,-83%,41500,-86%,15048,-48.60%,830887,-20.60%
6/25/20,1081006,-80.90%,1088500,-48%,53400,-84%,38200,-87%,14854,-49.30%,781618,-25.20%
6/24/20,1070527,-81.50%,1099900,-51%,52400,-84%,38000,-87%,15155,-48.30%,752750,-25.90%
6/23/20,1053005,-81.00%,1086200,-48%,52900,-84%,37600,-87%,15069,-48.60%,744822,-22.20%
6/22/20,1002073,-81.50%,1016200,-52%,53900,-84%,38400,-87%,13314,-54.60%,733291,-25.20%
6/21/20,449497,-82.90%,592400,-47%,27100,-72%,27600,-75%,6328,-65.00%,654914,-32.40%
6/20/20,576097,-82.60%,768500,-45%,29000,-76%,36000,-77%,8185,-52.80%,666226,-33.60%
6/19/20,988680,-82.20%,1035300,-45%,50200,-85%,38800,-87%,13868,-52.70%,797519,-22.30%
6/18/20,944318,-83.40%,977700,-52%,47800,-86%,35800,-88%,13808,-52.90%,729487,-27.00%
6/17/20,950318,-83.40%,977200,-55%,47200,-86%,36300,-88%,14595,-50.20%,709680,-26.80%
6/16/20,934545,-83.30%,961000,-54%,46900,-86%,34100,-88%,12939,-55.80%,695359,-25.30%
6/15/20,898925,-83.50%,940900,-57%,47500,-86%,34500,-88%,12953,-55.80%,674785,-29.00%
6/14/20,430446,-81.50%,571200,-45%,20900,-79%,22700,-79%,5195,-71.30%,563725,-39.50%
6/13/20,545333,-83.00%,706800,-50%,25400,-79%,32400,-80%,7794,-55.00%,631065,-37.60%
6/12/20,898314,-84.30%,966300,-57%,45100,-86%,33700,-89%,13224,-54.90%,765492,-26.50%
6/11/20,819873,-85.60%,830100,-62%,40900,-88%,29100,-90%,12514,-57.30%,656696,-32.40%
6/10/20,858782,-85.40%,914700,-61%,43100,-87%,30800,-90%,13616,-53.50%,680270,-30.60%
6/9/20,843968,-85.30%,916900,-59%,42300,-87%,29500,-90%,12869,-56.10%,680462,-29.10%
6/8/20,806138,-84.70%,863400,-58%,42600,-87%,30500,-90%,11957,-59.20%,644830,-26.50%
6/7/20,378085,-85.40%,531900,-51%,16800,-83%,18500,-83%,4650,-74.30%,538419,-39.60%
6/6/20,464207,-85.80%,648000,-54%,18100,-85%,23600,-85%,6591,-62.00%,551793,-43.10%
6/5/20,704825,-87.60%,772900,-65%,33500,-90%,25200,-91%,11698,-60.10%,643562,-37.60%
6/4/20,728018,-87.30%,797700,-63%,29800,-91%,25500,-91%,12000,-59.00%,650868,-35.30%
6/3/20,683037,-88.10%,741200,-68%,32500,-90%,23500,-92%,11962,-59.20%,582624,-39.70%
6/2/20,695276,-87.40%,724400,-66%,33800,-90%,24600,-92%,11206,-61.80%,579412,-39.10%
6/1/20,688520,-87.60%,764300,-66%,34300,-90%,24500,-92%,10760,-63.30%,595060,-37.80%
5/31/20,344428,-86.40%,468300,-57%,13600,-86%,14700,-86%,4216,-77.30%,495488,-44.70%
5/30/20,426755,-86.50%,622000,-56%,15600,-87%,20300,-87%,6143,-64.50%,444761,-53.90%
5/29/20,658353,-88.60%,720800,-67%,25100,-92%,21200,-93%,10185,-64.40%,598608,-43.00%
5/28/20,659248,-88.50%,710800,-68%,25200,-92%,20400,-93%,10030,-64.90%,584629,-40.10%
5/27/20,675705,-88.10%,719200,-67%,26500,-92%,21000,-93%,11088,-61.20%,601140,-36.60%
5/26/20,657939,-87.90%,709000,-67%,26700,-92%,21800,-92%,9875,-65.50%,587270,-36.60%
5/25/20,394359,-84.90%,531600,-54%,19300,-94%,19000,-93%,5428,-81.00%,445015,-43.50%
5/24/20,320376,-87.40%,461200,-57%,11900,-88%,14100,-86%,4117,-77.80%,461171,-47.40%
5/23/20,336250,-88.80%,460700,-65%,11000,-91%,14000,-91%,5550,-67.90%,394091,-56.40%
5/22/20,634929,-88.30%,690200,-69%,22800,-93%,19900,-93%,9782,-65.80%,626984,-40.40%
5/21/20,630367,-88.90%,655300,-70%,22600,-93%,19200,-93%,9731,-66.00%,585553,-42.20%
5/20/20,624793,-89.40%,654800,-72%,22200,-93%,18500,-94%,10224,-64.20%,542409,-45.30%
5/19/20,611951,-89.60%,643600,-72%,21600,-93%,18700,-93%,9290,-67.50%,524483,-45.90%
5/18/20,596505,-89.30%,624200,-72%,22100,-93%,19200,-93%,8969,-68.60%,505315,-47.80%
5/17/20,287755,-89.00%,413500,-63%,8800,-91%,7000,-93%,3577,-80.70%,391606,-58.70%
5/16/20,361329,-89.40%,530600,-63%,11100,-91%,14000,-91%,5947,-65.60%,477098,-52.10%
5/15/20,588784,-89.70%,671500,-70%,20100,-94%,28400,-90%,9473,-66.90%,520395,-50.70%
5/14/20,568315,-90.40%,616000,-74%,19300,-94%,17500,-94%,8855,-69.00%,520395,-49.00%
5/13/20,566333,-90.40%,611300,-74%,19400,-94%,17500,-94%,9437,-67.00%,509243,-48.00%
5/12/20,554286,-90.40%,594900,-74%,19000,-94%,17400,-94%,8271,-71.10%,488406,-47.90%
5/11/20,521702,-90.40%,553300,-74%,18300,-94%,16700,-94%,7636,-73.30%,458042,-49.40%
5/10/20,272353,-86.90%,386000,-54%,8000,-92%,9200,-91%,3962,-78.70%,415868,-51.20%
5/9/20,317372,-90.10%,462400,-68%,7700,-94%,11100,-93%,5055,-70.80%,371426,-62.60%
5/8/20,526865,-90.70%,573700,-75%,15700,-95%,15200,-95%,8656,-69.70%,483831,-52.60%
5/7/20,536003,-90.90%,605600,-74%,16100,-95%,16200,-94%,8509,-70.20%,488836,-50.50%
5/6/20,509646,-91.30%,538800,-78%,14500,-95%,14700,-95%,8832,-69.10%,444179,-53.80%
5/5/20,522979,-91.00%,583400,-75%,13300,-96%,15500,-95%,8445,-70.50%,462086,-50.60%
5/4/20,512763,-90.90%,578300,-75%,11200,-97%,15800,-94%,8287,-71.00%,447424,-51.80%
5/3/20,259199,-88.90%,375900,-55%,3300,-97%,7600,-93%,3263,-82.40%,353314,-55.70%
5/2/20,326354,-89.90%,478600,-66%,4000,-97%,10900,-93%,5493,-68.30%,401621,-57.00%
5/1/20,495312,-91.40%,555300,-75%,6200,-98%,12400,-96%,8332,-70.90%,445621,-55.90%
4/30/20,466633,-92.10%,488800,-79%,9300,-97%,14400,-95%,7253,-74.90%,405169,-58.80%
4/29/20,478589,-91.80%,519600,-78%,9100,-97%,14800,-95%,7844,-72.90%,410502,-56.90%
4/28/20,490073,-91.50%,555600,-76%,9200,-97%,15400,-95%,7542,-73.90%,436347,-53.00%
4/27/20,463700,-91.70%,518400,-77%,8800,-97%,15000,-95%,6922,-76.10%,384124,-57.60%
4/26/20,219096,-90.90%,293500,-70%,1900,-98%,5400,-95%,2506,-86.60%,231541,-72.40%
4/25/20,295836,-90.90%,430800,-68%,2900,-97%,9100,-94%,4719,-71.70%,350300,-62.00%
4/24/20,444644,-91.20%,475400,-73%,7800,-97%,13200,-95%,7040,-75.70%,386935,-57.20%
4/23/20,454300,-91.70%,487300,-75%,8400,-97%,13800,-95%,6969,-75.90%,386938,-58.90%
4/22/20,459574,-91.50%,518900,-74%,8700,-97%,14100,-95%,7496,-74.10%,398703,-57.70%
4/21/20,422860,-92.20%,450900,-78%,8300,-97%,13700,-95%,6613,-77.10%,356099,-61.80%
4/20/20,438622,-91.10%,498700,-73%,8900,-97%,14800,-95%,7050,-75.60%,371776,-59.60%
4/19/20,224751,-90.40%,318100,-68%,2200,-98%,6000,-94%,2742,-85.30%,276406,-68.60%
4/18/20,254792,-91.00%,352000,-71%,2400,-98%,7200,-95%,4202,-74.80%,254735,-69.80%
4/17/20,433106,-90.90%,470300,-73%,8300,-97%,13500,-95%,7048,-75.60%,326907,-66.10%
4/16/20,421013,-92.90%,447000,-80%,8500,-97%,13800,-95%,6563,-77.30%,346342,-65.40%
4/15/20,419851,-93.00%,454100,-81%,8600,-97%,13800,-95%,6928,-76.10%,340213,-64.90%
4/14/20,430946,-92.70%,470900,-80%,8800,-97%,14100,-95%,6585,-77.20%,356104,-62.40%
4/13/20,363961,-93.50%,347800,-84%,8200,-97%,13000,-95%,6205,-78.60%,284609,-68.70%
4/12/20,198693,-92.00%,279100,-72%,2200,-98%,5100,-95%,2525,-86.50%,217871,-74.40%
4/11/20,257467,-92.20%,378200,-73%,2700,-98%,7600,-95%,4235,-74.60%,254755,-73.10%
4/10/20,400947,-93.00%,414100,-81%,8200,-97%,13000,-95%,5378,-81.40%,314100,-68.60%
4/9/20,405325,-93.00%,401900,-83%,8400,-97%,12900,-96%,6243,-78.40%,303481,-68.80%
4/8/20,428206,-92.70%,431700,-82%,9000,-97%,13500,-95%,6950,-76.00%,324882,-65.80%
4/7/20,435718,-92.40%,441000,-81%,9300,-97%,14100,-95%,7041,-75.70%,332108,-63.70%
4/6/20,446273,-92.00%,454900,-80%,10100,-97%,14400,-95%,7093,-75.50%,335769,-63.10%
4/5/20,227603,-90.90%,299600,-70%,3000,-97%,5600,-95%,2763,-85.20%,177590,-80.10%
4/4/20,282703,-91.40%,383400,-73%,3700,-97%,8100,-95%,4375,-73.80%,243323,-74.00%
4/3/20,484200,-91.50%,483800,-78%,9700,-97%,13200,-95%,7794,-73.10%,295626,-69.60%
4/2/20,486468,-91.80%,472700,-80%,10100,-97%,13700,-95%,7077,-75.50%,339734,-65.20%
4/1/20,514201,-91.30%,495400,-79%,10500,-97%,13600,-95%,8151,-71.80%,342222,-63.40%
3/31/20,509149,-91.20%,514300,-78%,,,,,7672,-74.20%,337626,-62.70%
3/30/20,546355,-90.20%,563900,-75%,,,,,8084,-72.80%,344690,-61.60%
3/29/20,264119,-88.30%,306800,-69%,,,,,3374,-80.80%,197154,-75.80%
3/28/20,332993,-89.80%,403700,-71%,,,,,4491,-73.50%,240702,-74.10%
3/27/20,658312,-88.20%,641800,-71%,,,,,8409,-71.70%,344434,-65.10%
3/26/20,681923,-88.20%,646100,-72%,,,,,8796,-70.40%,390117,-59.70%
3/25/20,691604,-87.90%,618000,-73%,,,,,9512,-68.00%,375767,-59.40%
3/24/20,743314,-86.90%,657800,-72%,,,,,9136,-69.30%,395493,-56.30%
3/23/20,711138,-86.90%,578200,-74%,,,,,9905,-66.70%,361514,-59.30%
3/22/20,409364,-83.10%,378900,-65%,,,,,4824,-72.60%,277051,-68.20%
3/21/20,620662,-79.50%,564900,-57%,,,,,6467,-61.80%,382993,-56.70%
3/20/20,1312249,-76.10%,868600,-59%,,,,,12746,-57.10%,563262,-41.60%
3/19/20,1425564,-74.40%,933600,-57%,,,,,14119,-52.50%,569696,-38.00%
3/18/20,1629413,-71.40%,1059500,-55%,,,,,15942,-46.40%,634853,-31.20%
3/17/20,1793359,-68.20%,1094900,-53%,,,,,18174,-38.90%,650455,-28.40%
3/16/20,2184296,-59.50%,1237300,-45%,,,,,21149,-28.90%,708870,-20.60%
3/15/20,1159079,-52.40%,711600,-31%,,,,,12480,-29.20%,535988,-36.40%
3/14/20,1672800,-47.50%,993300,-27%,,,,,13395,-20.90%,631101,-30.20%
3/13/20,3496765,-38.00%,1715700,-23%,,,,,26641,-10.40%,860419,-13.80%
3/12/20,4163674,-28.40%,1938400,-18%,,,,,30815,3.60%,881188,-8.70%
3/11/20,4712462,-18.50%,2113000,-10%,,,,,32204,8.30%,866706,-6.70%
3/10/20,4883623,-15.10%,2112000,-9%,,,,,31315,5.30%,855585,-5.80%
3/9/20,4989635,-10.40%,2124800,-7%,,,,,29609,-0.40%,860073,-4.70%
3/8/20,2122328,0.40%,957200,7%,,,,,19477,10.60%,758580,-1.40%
3/7/20,2817082,-9.60%,1249100,-9%,,,,,18117,7.00%,820830,-8.40%
3/6/20,5204732,-8.40%,2066700,-7%,,,,,30971,4.10%,938167,-4.70%
3/5/20,5513656,-4.40%,2244500,-1%,,,,,33211,11.70%,929298,-0.90%
3/4/20,5515945,-3.20%,2177200,-3%,,,,,34304,15.40%,905558,-0.10%
3/3/20,5498556,-3.90%,2228600,-3%,,,,,32768,10.20%,882175,-1.70%
3/2/20,5347055,23.90%,2209100,40%,,,,,30340,2.00%,874620,27.40%
3/1/20,2214601,-1.30%,984900,1%,,,,,19922,13.10%,786961,7.80%